{"stepSize":360.0,"yaw":{"0":{"cd":0.00026511287433095276,"cl":-0.000326265930198133},"1":{"cd":6.828278856119141e-05,"cl":-0.0002758197661023587}}}