{"pitch":{"0":{"cd":0.00026511287433095276,"cl":-0.000326265930198133},"1":{"cd":0.0,"cl":0.0}},"stepSize":360.0}