{
  "-8.750": {
    "Cl": -0.5573,
    "Cd": 0.09236,
    "Cdp": 0.08771,
    "Cm": -0.024,
    "Top_Xtr": 1,
    "Bot_Xtr": 0.0788
  },
  "-8.500": {
    "Cl": -0.5748,
    "Cd": 0.08902,
    "Cdp": 0.08429,
    "Cm": -0.0277,
    "Top_Xtr": 1,
    "Bot_Xtr": 0.0793
  },
  "-8.250": {
    "Cl": -0.5905,
    "Cd": 0.08673,
    "Cdp": 0.08178,
    "Cm": -0.0297,
    "Top_Xtr": 1,
    "Bot_Xtr": 0.0797
  },
  "-8.000": {
    "Cl": -0.5528,
    "Cd": 0.07953,
    "Cdp": 0.07496,
    "Cm": -0.0252,
    "Top_Xtr": 1,
    "Bot_Xtr": 0.0855
  },
  "-7.750": {
    "Cl": -0.5553,
    "Cd": 0.07564,
    "Cdp": 0.07103,
    "Cm": -0.0269,
    "Top_Xtr": 1,
    "Bot_Xtr": 0.0889
  },
  "-7.500": {
    "Cl": -0.5664,
    "Cd": 0.07255,
    "Cdp": 0.0677,
    "Cm": -0.0294,
    "Top_Xtr": 1,
    "Bot_Xtr": 0.0927
  },
  "-7.250": {
    "Cl": -0.5693,
    "Cd": 0.06815,
    "Cdp": 0.06315,
    "Cm": -0.0297,
    "Top_Xtr": 1,
    "Bot_Xtr": 0.0953
  },
  "-7.000": {
    "Cl": -0.5546,
    "Cd": 0.06407,
    "Cdp": 0.05924,
    "Cm": -0.0285,
    "Top_Xtr": 1,
    "Bot_Xtr": 0.1001
  },
  "-6.500": {
    "Cl": -0.5482,
    "Cd": 0.05727,
    "Cdp": 0.05211,
    "Cm": -0.0273,
    "Top_Xtr": 1,
    "Bot_Xtr": 0.1119
  },
  "-6.250": {
    "Cl": -0.5481,
    "Cd": 0.05608,
    "Cdp": 0.05044,
    "Cm": -0.0256,
    "Top_Xtr": 1,
    "Bot_Xtr": 0.1231
  },
  "-6.000": {
    "Cl": -0.5337,
    "Cd": 0.05115,
    "Cdp": 0.04579,
    "Cm": -0.0247,
    "Top_Xtr": 1,
    "Bot_Xtr": 0.1284
  },
  "-5.750": {
    "Cl": -0.5268,
    "Cd": 0.04829,
    "Cdp": 0.04279,
    "Cm": -0.0231,
    "Top_Xtr": 1,
    "Bot_Xtr": 0.1412
  },
  "-5.500": {
    "Cl": -0.5181,
    "Cd": 0.04552,
    "Cdp": 0.03995,
    "Cm": -0.0214,
    "Top_Xtr": 1,
    "Bot_Xtr": 0.1566
  },
  "-5.250": {
    "Cl": -0.5119,
    "Cd": 0.04314,
    "Cdp": 0.03744,
    "Cm": -0.0195,
    "Top_Xtr": 1,
    "Bot_Xtr": 0.1824
  },
  "-4.750": {
    "Cl": -0.4932,
    "Cd": 0.03903,
    "Cdp": 0.03313,
    "Cm": -0.0153,
    "Top_Xtr": 1,
    "Bot_Xtr": 0.237
  },
  "-4.500": {
    "Cl": -0.4807,
    "Cd": 0.03536,
    "Cdp": 0.02973,
    "Cm": -0.0134,
    "Top_Xtr": 1,
    "Bot_Xtr": 0.261
  },
  "-4.250": {
    "Cl": -0.4662,
    "Cd": 0.03312,
    "Cdp": 0.02727,
    "Cm": -0.0118,
    "Top_Xtr": 1,
    "Bot_Xtr": 0.2786
  },
  "-4.000": {
    "Cl": -0.4489,
    "Cd": 0.03043,
    "Cdp": 0.02451,
    "Cm": -0.0104,
    "Top_Xtr": 1,
    "Bot_Xtr": 0.2906
  },
  "-3.750": {
    "Cl": -0.3813,
    "Cd": 0.02979,
    "Cdp": 0.02135,
    "Cm": -0.0083,
    "Top_Xtr": 1,
    "Bot_Xtr": 0.0935
  },
  "-3.500": {
    "Cl": -0.3576,
    "Cd": 0.02684,
    "Cdp": 0.0182,
    "Cm": -0.0068,
    "Top_Xtr": 1,
    "Bot_Xtr": 0.0773
  },
  "-3.250": {
    "Cl": -0.3375,
    "Cd": 0.02494,
    "Cdp": 0.01607,
    "Cm": -0.0053,
    "Top_Xtr": 1,
    "Bot_Xtr": 0.0702
  },
  "-3.000": {
    "Cl": -0.3197,
    "Cd": 0.02514,
    "Cdp": 0.01585,
    "Cm": -0.0034,
    "Top_Xtr": 0.9993,
    "Bot_Xtr": 0.066
  },
  "-2.750": {
    "Cl": -0.274,
    "Cd": 0.02262,
    "Cdp": 0.01325,
    "Cm": -0.0068,
    "Top_Xtr": 0.9932,
    "Bot_Xtr": 0.0646
  },
  "-2.500": {
    "Cl": -0.2286,
    "Cd": 0.02096,
    "Cdp": 0.01149,
    "Cm": -0.0101,
    "Top_Xtr": 0.9856,
    "Bot_Xtr": 0.0676
  },
  "-2.250": {
    "Cl": -0.1861,
    "Cd": 0.01951,
    "Cdp": 0.01016,
    "Cm": -0.0132,
    "Top_Xtr": 0.9774,
    "Bot_Xtr": 0.0721
  },
  "-2.000": {
    "Cl": -0.1425,
    "Cd": 0.01846,
    "Cdp": 0.00912,
    "Cm": -0.0164,
    "Top_Xtr": 0.9699,
    "Bot_Xtr": 0.0776
  },
  "-1.750": {
    "Cl": -0.1043,
    "Cd": 0.0175,
    "Cdp": 0.00807,
    "Cm": -0.0188,
    "Top_Xtr": 0.9595,
    "Bot_Xtr": 0.0901
  },
  "-1.500": {
    "Cl": -0.0794,
    "Cd": 0.01411,
    "Cdp": 0.00752,
    "Cm": -0.018,
    "Top_Xtr": 0.9555,
    "Bot_Xtr": 0.7271
  },
  "-1.250": {
    "Cl": -0.0298,
    "Cd": 0.01463,
    "Cdp": 0.00836,
    "Cm": -0.0176,
    "Top_Xtr": 0.9559,
    "Bot_Xtr": 0.9529
  },
  "-1.000": {
    "Cl": 0.0506,
    "Cd": 0.01476,
    "Cdp": 0.00815,
    "Cm": -0.0279,
    "Top_Xtr": 0.9574,
    "Bot_Xtr": 0.9825
  },
  "-0.750": {
    "Cl": 0.1299,
    "Cd": 0.0146,
    "Cdp": 0.00776,
    "Cm": -0.0387,
    "Top_Xtr": 0.9569,
    "Bot_Xtr": 1
  },
  "-0.500": {
    "Cl": 0.1707,
    "Cd": 0.01453,
    "Cdp": 0.00753,
    "Cm": -0.0423,
    "Top_Xtr": 0.9444,
    "Bot_Xtr": 1
  },
  "-0.250": {
    "Cl": 0.2068,
    "Cd": 0.01451,
    "Cdp": 0.0074,
    "Cm": -0.0448,
    "Top_Xtr": 0.9326,
    "Bot_Xtr": 1
  },
  "0.000": {
    "Cl": 0.2409,
    "Cd": 0.0145,
    "Cdp": 0.00729,
    "Cm": -0.0468,
    "Top_Xtr": 0.9213,
    "Bot_Xtr": 1
  },
  "0.250": {
    "Cl": 0.2737,
    "Cd": 0.01443,
    "Cdp": 0.00714,
    "Cm": -0.0481,
    "Top_Xtr": 0.9085,
    "Bot_Xtr": 1
  },
  "0.500": {
    "Cl": 0.3035,
    "Cd": 0.01436,
    "Cdp": 0.00701,
    "Cm": -0.0486,
    "Top_Xtr": 0.8958,
    "Bot_Xtr": 1
  },
  "0.750": {
    "Cl": 0.3313,
    "Cd": 0.01434,
    "Cdp": 0.00693,
    "Cm": -0.0487,
    "Top_Xtr": 0.8845,
    "Bot_Xtr": 1
  },
  "1.000": {
    "Cl": 0.3549,
    "Cd": 0.01442,
    "Cdp": 0.00698,
    "Cm": -0.0482,
    "Top_Xtr": 0.8728,
    "Bot_Xtr": 1
  },
  "1.250": {
    "Cl": 0.3787,
    "Cd": 0.0145,
    "Cdp": 0.00704,
    "Cm": -0.0476,
    "Top_Xtr": 0.8615,
    "Bot_Xtr": 1
  },
  "1.500": {
    "Cl": 0.4028,
    "Cd": 0.01455,
    "Cdp": 0.00707,
    "Cm": -0.0468,
    "Top_Xtr": 0.8505,
    "Bot_Xtr": 1
  },
  "1.750": {
    "Cl": 0.4269,
    "Cd": 0.01455,
    "Cdp": 0.00705,
    "Cm": -0.0458,
    "Top_Xtr": 0.8387,
    "Bot_Xtr": 1
  },
  "2.000": {
    "Cl": 0.4501,
    "Cd": 0.01453,
    "Cdp": 0.00701,
    "Cm": -0.0445,
    "Top_Xtr": 0.8256,
    "Bot_Xtr": 1
  },
  "2.250": {
    "Cl": 0.4725,
    "Cd": 0.01453,
    "Cdp": 0.007,
    "Cm": -0.043,
    "Top_Xtr": 0.8114,
    "Bot_Xtr": 1
  },
  "2.500": {
    "Cl": 0.4947,
    "Cd": 0.01456,
    "Cdp": 0.00705,
    "Cm": -0.0415,
    "Top_Xtr": 0.7966,
    "Bot_Xtr": 1
  },
  "2.750": {
    "Cl": 0.5168,
    "Cd": 0.01463,
    "Cdp": 0.00712,
    "Cm": -0.0399,
    "Top_Xtr": 0.7815,
    "Bot_Xtr": 1
  },
  "3.000": {
    "Cl": 0.5391,
    "Cd": 0.01474,
    "Cdp": 0.00723,
    "Cm": -0.0384,
    "Top_Xtr": 0.766,
    "Bot_Xtr": 1
  },
  "3.250": {
    "Cl": 0.5613,
    "Cd": 0.01486,
    "Cdp": 0.00737,
    "Cm": -0.0369,
    "Top_Xtr": 0.7498,
    "Bot_Xtr": 1
  },
  "3.500": {
    "Cl": 0.5837,
    "Cd": 0.015,
    "Cdp": 0.00755,
    "Cm": -0.0354,
    "Top_Xtr": 0.7328,
    "Bot_Xtr": 1
  },
  "3.750": {
    "Cl": 0.6062,
    "Cd": 0.01514,
    "Cdp": 0.00769,
    "Cm": -0.0338,
    "Top_Xtr": 0.715,
    "Bot_Xtr": 1
  },
  "4.000": {
    "Cl": 0.6282,
    "Cd": 0.0153,
    "Cdp": 0.00788,
    "Cm": -0.0322,
    "Top_Xtr": 0.6953,
    "Bot_Xtr": 1
  },
  "4.250": {
    "Cl": 0.6498,
    "Cd": 0.01543,
    "Cdp": 0.00802,
    "Cm": -0.0303,
    "Top_Xtr": 0.6726,
    "Bot_Xtr": 1
  },
  "4.500": {
    "Cl": 0.6709,
    "Cd": 0.01554,
    "Cdp": 0.00818,
    "Cm": -0.0284,
    "Top_Xtr": 0.6474,
    "Bot_Xtr": 1
  },
  "4.750": {
    "Cl": 0.6922,
    "Cd": 0.01561,
    "Cdp": 0.00825,
    "Cm": -0.0266,
    "Top_Xtr": 0.6207,
    "Bot_Xtr": 1
  },
  "5.000": {
    "Cl": 0.7136,
    "Cd": 0.01568,
    "Cdp": 0.00833,
    "Cm": -0.0247,
    "Top_Xtr": 0.5922,
    "Bot_Xtr": 1
  },
  "5.250": {
    "Cl": 0.7344,
    "Cd": 0.01575,
    "Cdp": 0.00843,
    "Cm": -0.0228,
    "Top_Xtr": 0.559,
    "Bot_Xtr": 1
  },
  "5.500": {
    "Cl": 0.7537,
    "Cd": 0.0157,
    "Cdp": 0.00857,
    "Cm": -0.0209,
    "Top_Xtr": 0.5084,
    "Bot_Xtr": 1
  },
  "5.750": {
    "Cl": 0.7724,
    "Cd": 0.01565,
    "Cdp": 0.00824,
    "Cm": -0.0185,
    "Top_Xtr": 0.4532,
    "Bot_Xtr": 1
  },
  "6.000": {
    "Cl": 0.7892,
    "Cd": 0.01643,
    "Cdp": 0.00871,
    "Cm": -0.0163,
    "Top_Xtr": 0.3916,
    "Bot_Xtr": 1
  },
  "6.250": {
    "Cl": 0.8054,
    "Cd": 0.01733,
    "Cdp": 0.00928,
    "Cm": -0.0144,
    "Top_Xtr": 0.335,
    "Bot_Xtr": 1
  },